{"CYC2": {"x1": 0.6092592592592593, "y1": 0.8731770833333333, "x2": 0.6833333333333333, "y2": 0.89921875}, "HW628124": {"x1": 0.6101851851851852, "y1": 0.8265625, "x2": 0.6842592592592592, "y2": 0.8526041666666667}, "8542\n2\u0722\u072a\u071a\u072a": {"x1": 0.6837962962962963, "y1": 0.82421875, "x2": 0.7578703703703704, "y2": 0.8502604166666666}, "HM26": {"x1": 0.7569444444444444, "y1": 0.78828125, "x2": 0.8310185185185185, "y2": 0.8143229166666667}, "HM6116": {"x1": 0.6083333333333333, "y1": 0.7653645833333333, "x2": 0.6824074074074075, "y2": 0.79140625}, "TT70": {"x1": 0.7592592592592593, "y1": 0.7645833333333333, "x2": 0.8333333333333334, "y2": 0.790625}, "NM27256": {"x1": 0.2125, "y1": 0.74453125, "x2": 0.2865740740740741, "y2": 0.7705729166666667}, "MM2112": {"x1": 0.6083333333333333, "y1": 0.7403645833333333, "x2": 0.6824074074074075, "y2": 0.76640625}, "2114": {"x1": 0.6819444444444445, "y1": 0.73984375, "x2": 0.7560185185185185, "y2": 0.7658854166666667}, "NM2708": {"x1": 0.21064814814814814, "y1": 0.7200520833333334, "x2": 0.2847222222222222, "y2": 0.74609375}, "NM2716": {"x1": 0.2884259259259259, "y1": 0.7200520833333334, "x2": 0.3625, "y2": 0.74609375}, "NM2732": {"x1": 0.3638888888888889, "y1": 0.71796875, "x2": 0.43796296296296294, "y2": 0.7440104166666667}, "NM2764": {"x1": 0.4398148148148148, "y1": 0.7174479166666666, "x2": 0.5138888888888888, "y2": 0.7434895833333334}, "NM27128": {"x1": 0.5143518518518518, "y1": 0.7166666666666667, "x2": 0.5884259259259259, "y2": 0.7427083333333333}, "MM2101": {"x1": 0.6078703703703704, "y1": 0.71484375, "x2": 0.6819444444444445, "y2": 0.7408854166666666}, "MM2104": {"x1": 0.7574074074074074, "y1": 0.71484375, "x2": 0.8314814814814815, "y2": 0.7408854166666666}, "D43256": {"x1": 0.6847222222222222, "y1": 0.65625, "x2": 0.7587962962962963, "y2": 0.6822916666666666}, "M2102": {"x1": 0.7574074074074074, "y1": 0.65625, "x2": 0.8314814814814815, "y2": 0.6822916666666666}, "XC68HC705": {"x1": 0.2074074074074074, "y1": 0.60703125, "x2": 0.2814814814814815, "y2": 0.6330729166666667}, "MC68008": {"x1": 0.2828703703703704, "y1": 0.5716145833333334, "x2": 0.35694444444444445, "y2": 0.59765625}, "MC68000": {"x1": 0.20601851851851852, "y1": 0.5716145833333334, "x2": 0.2800925925925926, "y2": 0.59765625}, "MC145100": {"x1": 0.43703703703703706, "y1": 0.5708333333333333, "x2": 0.5111111111111111, "y2": 0.596875}, "MC68705": {"x1": 0.36157407407407405, "y1": 0.5713541666666667, "x2": 0.4356481481481482, "y2": 0.5973958333333333}, "MC146805": {"x1": 0.512962962962963, "y1": 0.5703125, "x2": 0.587037037037037, "y2": 0.5963541666666666}, "MC682": {"x1": 0.20833333333333334, "y1": 0.5473958333333333, "x2": 0.2824074074074074, "y2": 0.5734375}, "SN754410": {"x1": 0.6060185185185185, "y1": 0.5458333333333333, "x2": 0.6800925925925926, "y2": 0.571875}, "AM25LS252": {"x1": 0.7583333333333333, "y1": 0.5453125, "x2": 0.8324074074074074, "y2": 0.5713541666666667}, "MC6845": {"x1": 0.36018518518518516, "y1": 0.5455729166666666, "x2": 0.43425925925925923, "y2": 0.5716145833333334}, "MCO840": {"x1": 0.2833333333333333, "y1": 0.5453125, "x2": 0.3574074074074074, "y2": 0.5713541666666667}, "MC6847": {"x1": 0.43657407407407406, "y1": 0.5453125, "x2": 0.5106481481481482, "y2": 0.5713541666666667}, "SN93425": {"x1": 0.6819444444444445, "y1": 0.54453125, "x2": 0.7560185185185185, "y2": 0.5705729166666667}, "93421PC": {"x1": 0.9064814814814814, "y1": 0.5442708333333334, "x2": 0.9805555555555555, "y2": 0.5703125}, "93LA25DC": {"x1": 0.8324074074074074, "y1": 0.5440104166666667, "x2": 0.9064814814814814, "y2": 0.5700520833333333}, "MC6B50": {"x1": 0.5125, "y1": 0.5442708333333334, "x2": 0.586574074074074, "y2": 0.5703125}, "MC6808": {"x1": 0.35833333333333334, "y1": 0.5205729166666667, "x2": 0.4324074074074074, "y2": 0.5466145833333333}, "MC6820": {"x1": 0.5138888888888888, "y1": 0.5200520833333333, "x2": 0.5879629629629629, "y2": 0.54609375}, "SN75150": {"x1": 0.6805555555555556, "y1": 0.51953125, "x2": 0.7546296296296297, "y2": 0.5455729166666666}, "SN75173": {"x1": 0.6060185185185185, "y1": 0.5192708333333333, "x2": 0.6800925925925926, "y2": 0.5453125}, "MC6809": {"x1": 0.4356481481481482, "y1": 0.5197916666666667, "x2": 0.5097222222222222, "y2": 0.5458333333333333}, "SN75453": {"x1": 0.9069444444444444, "y1": 0.5190104166666667, "x2": 0.9810185185185185, "y2": 0.5450520833333333}, "SN75152": {"x1": 0.8328703703703704, "y1": 0.5190104166666667, "x2": 0.9069444444444444, "y2": 0.5450520833333333}, "SN75116": {"x1": 0.7578703703703704, "y1": 0.5190104166666667, "x2": 0.8319444444444445, "y2": 0.5450520833333333}, "SN75451": {"x1": 0.6055555555555555, "y1": 0.4940104166666667, "x2": 0.6796296296296296, "y2": 0.5200520833333333}, "MC6802": {"x1": 0.3597222222222222, "y1": 0.49453125, "x2": 0.4337962962962963, "y2": 0.5205729166666667}, "MC6800": {"x1": 0.20462962962962963, "y1": 0.49453125, "x2": 0.27870370370370373, "y2": 0.5205729166666667}, "SN75454": {"x1": 0.7587962962962963, "y1": 0.49375, "x2": 0.8328703703703704, "y2": 0.5197916666666667}, "SN75452": {"x1": 0.6819444444444445, "y1": 0.4934895833333333, "x2": 0.7560185185185185, "y2": 0.51953125}, "AC68B02": {"x1": 0.4361111111111111, "y1": 0.49375, "x2": 0.5101851851851852, "y2": 0.5197916666666667}, "SN75118": {"x1": 0.9074074074074074, "y1": 0.4934895833333333, "x2": 0.9814814814814815, "y2": 0.51953125}, "SN75138": {"x1": 0.7578703703703704, "y1": 0.4588541666666667, "x2": 0.8319444444444445, "y2": 0.48489583333333336}, "SN7511OAN": {"x1": 0.6805555555555556, "y1": 0.45859375, "x2": 0.7546296296296297, "y2": 0.48463541666666665}, "SN75158": {"x1": 0.8319444444444445, "y1": 0.45859375, "x2": 0.9060185185185186, "y2": 0.48463541666666665}, "MK3880280": {"x1": 0.2037037037037037, "y1": 0.4588541666666667, "x2": 0.2777777777777778, "y2": 0.48489583333333336}, "MC1441": {"x1": 0.6060185185185185, "y1": 0.4078125, "x2": 0.6800925925925926, "y2": 0.43385416666666665}, "MC14458": {"x1": 0.6810185185185185, "y1": 0.40703125, "x2": 0.7550925925925925, "y2": 0.43307291666666664}, "MC1488": {"x1": 0.6064814814814815, "y1": 0.38125, "x2": 0.6805555555555556, "y2": 0.40729166666666666}, "MACHIA": {"x1": 0.6837962962962963, "y1": 0.3828125, "x2": 0.7578703703703704, "y2": 0.4088541666666667}, "P8255": {"x1": 0.43333333333333335, "y1": 0.3807291666666667, "x2": 0.5074074074074074, "y2": 0.40677083333333336}, "P8251": {"x1": 0.5101851851851852, "y1": 0.38046875, "x2": 0.5842592592592593, "y2": 0.40651041666666665}, "MC14462": {"x1": 0.6851851851851852, "y1": 0.31953125, "x2": 0.7592592592592593, "y2": 0.3455729166666667}, "TM5901": {"x1": 0.2763888888888889, "y1": 0.2638020833333333, "x2": 0.350462962962963, "y2": 0.28984375}, "IMS9900": {"x1": 0.1986111111111111, "y1": 0.2630208333333333, "x2": 0.2726851851851852, "y2": 0.2890625}}