{"M83880280": {"x1": 0.4588541666666667, "y1": 0.7222222222222222, "x2": 0.48489583333333336, "y2": 0.7962962962962963}, "MC6800": {"x1": 0.49453125, "y1": 0.7212962962962963, "x2": 0.5205729166666667, "y2": 0.7953703703703704}, "000893N": {"x1": 0.5716145833333334, "y1": 0.7199074074074074, "x2": 0.59765625, "y2": 0.7939814814814815}, "NM27256": {"x1": 0.74453125, "y1": 0.7134259259259259, "x2": 0.7705729166666667, "y2": 0.7875}, "0665": {"x1": 0.2638020833333333, "y1": 0.649537037037037, "x2": 0.28984375, "y2": 0.7236111111111111}, "MC68008": {"x1": 0.5716145833333334, "y1": 0.6430555555555556, "x2": 0.59765625, "y2": 0.7171296296296297}, "9122SW": {"x1": 0.7200520833333334, "y1": 0.6375, "x2": 0.74609375, "y2": 0.711574074074074}, "80093W": {"x1": 0.5205729166666667, "y1": 0.5675925925925925, "x2": 0.5466145833333333, "y2": 0.6416666666666667}, "MC6802": {"x1": 0.49453125, "y1": 0.5662037037037037, "x2": 0.5205729166666667, "y2": 0.6402777777777777}, "MC6845": {"x1": 0.5455729166666666, "y1": 0.5657407407407408, "x2": 0.5716145833333334, "y2": 0.6398148148148148}, "MC68705": {"x1": 0.5713541666666667, "y1": 0.5643518518518519, "x2": 0.5973958333333333, "y2": 0.638425925925926}, "NM2732": {"x1": 0.71796875, "y1": 0.562037037037037, "x2": 0.7440104166666667, "y2": 0.6361111111111111}, "SSZBD": {"x1": 0.3807291666666667, "y1": 0.4925925925925926, "x2": 0.40677083333333336, "y2": 0.5666666666666667}, "60893W": {"x1": 0.5197916666666667, "y1": 0.49027777777777776, "x2": 0.5458333333333333, "y2": 0.5643518518518519}, "MC68B02": {"x1": 0.49375, "y1": 0.4898148148148148, "x2": 0.5197916666666667, "y2": 0.5638888888888889}, "MC6847": {"x1": 0.5453125, "y1": 0.48935185185185187, "x2": 0.5713541666666667, "y2": 0.5634259259259259}, "MC145100": {"x1": 0.5708333333333333, "y1": 0.4888888888888889, "x2": 0.596875, "y2": 0.562962962962963}, "ISZBD": {"x1": 0.38046875, "y1": 0.41574074074074074, "x2": 0.40651041666666665, "y2": 0.4898148148148148}, "MC146805": {"x1": 0.5703125, "y1": 0.412962962962963, "x2": 0.5963541666666666, "y2": 0.48703703703703705}, "MC6BS0": {"x1": 0.5442708333333334, "y1": 0.4134259259259259, "x2": 0.5703125, "y2": 0.4875}, "MC6820": {"x1": 0.5200520833333333, "y1": 0.41203703703703703, "x2": 0.54609375, "y2": 0.4861111111111111}, "NM27128": {"x1": 0.7166666666666667, "y1": 0.4115740740740741, "x2": 0.7427083333333333, "y2": 0.48564814814814816}, "SN75451": {"x1": 0.4940104166666667, "y1": 0.32037037037037036, "x2": 0.5200520833333333, "y2": 0.39444444444444443}, "SN75173": {"x1": 0.5192708333333333, "y1": 0.3199074074074074, "x2": 0.5453125, "y2": 0.3939814814814815}, "MC14411": {"x1": 0.4078125, "y1": 0.3199074074074074, "x2": 0.43385416666666665, "y2": 0.3939814814814815}, "MC1488": {"x1": 0.38125, "y1": 0.3194444444444444, "x2": 0.40729166666666666, "y2": 0.39351851851851855}, "MM2101": {"x1": 0.71484375, "y1": 0.31805555555555554, "x2": 0.7408854166666666, "y2": 0.3921296296296296}, "MM2112": {"x1": 0.7403645833333333, "y1": 0.3175925925925926, "x2": 0.76640625, "y2": 0.39166666666666666}, "SN75150": {"x1": 0.51953125, "y1": 0.24537037037037038, "x2": 0.5455729166666666, "y2": 0.3194444444444444}, "SN75110AN": {"x1": 0.45859375, "y1": 0.24537037037037038, "x2": 0.48463541666666665, "y2": 0.3194444444444444}, "SN93425": {"x1": 0.54453125, "y1": 0.2439814814814815, "x2": 0.5705729166666667, "y2": 0.31805555555555554}, "SN75452": {"x1": 0.4934895833333333, "y1": 0.2439814814814815, "x2": 0.51953125, "y2": 0.31805555555555554}, "D43256": {"x1": 0.65625, "y1": 0.2412037037037037, "x2": 0.6822916666666666, "y2": 0.31527777777777777}, "MC14467": {"x1": 0.31953125, "y1": 0.24074074074074073, "x2": 0.3455729166666667, "y2": 0.3148148148148148}, "MM2194": {"x1": 0.71484375, "y1": 0.1685185185185185, "x2": 0.7408854166666666, "y2": 0.24259259259259258}, "ZO12": {"x1": 0.65625, "y1": 0.1685185185185185, "x2": 0.6822916666666666, "y2": 0.24259259259259258}, "SN75138": {"x1": 0.4588541666666667, "y1": 0.16805555555555557, "x2": 0.48489583333333336, "y2": 0.24212962962962964}, "SN75116": {"x1": 0.5190104166666667, "y1": 0.16805555555555557, "x2": 0.5450520833333333, "y2": 0.24212962962962964}, "AM25LS252": {"x1": 0.5453125, "y1": 0.1675925925925926, "x2": 0.5713541666666667, "y2": 0.24166666666666667}, "SN75454": {"x1": 0.49375, "y1": 0.16712962962962963, "x2": 0.5197916666666667, "y2": 0.2412037037037037}, "SN75158": {"x1": 0.45859375, "y1": 0.09398148148148149, "x2": 0.48463541666666665, "y2": 0.16805555555555557}, "93L425DC": {"x1": 0.5440104166666667, "y1": 0.09351851851851851, "x2": 0.5700520833333333, "y2": 0.1675925925925926}, "SN75152": {"x1": 0.5190104166666667, "y1": 0.09305555555555556, "x2": 0.5450520833333333, "y2": 0.16712962962962963}, "SN75453": {"x1": 0.5190104166666667, "y1": 0.01898148148148148, "x2": 0.5450520833333333, "y2": 0.09305555555555556}, "81TSENS": {"x1": 0.4934895833333333, "y1": 0.018518518518518517, "x2": 0.51953125, "y2": 0.09259259259259259}}